"0","4","11","1984-02-04 15:24:38","3","Significant strategy medical voice boy forward science follow certainly official artist"
"1","7","4","1980-08-10 18:30:47","1","Radio like money ball keep since my necessary million trade century hundred themselves finish these"
"2","6","18","1975-03-28 12:39:38","4","Break attention environment few voice thank local option five prove performance mention discussion maybe rise sit hand society according"
"3","1","20","2002-06-28 05:15:53","3","Itself people nation million born American grow wall conference especially low trial water ability possible door"
"4","2","0","2018-02-15 07:16:06","4","Seven lose probably up strategy receive rate oil defense"
"5","9","19","2013-01-31 18:39:00","2","Stay provide particularly firm foreign involve show ten century involve down herself drive effort drop onto until head lay out"
"6","5","15","1984-04-23 18:31:34","3","Century service nearly movie report boy two look reality outside painting report become"
"7","6","21","2020-07-17 17:23:30","4","Memory government image room analysis what page clear newspaper ball may read information fire"
"8","0","2","2019-06-02 12:45:23","1","Throughout free civil entire result just nature increase trouble heart watch"
"9","1","29","2011-08-03 09:12:18","5","Wrong take old former run others believe nor after small statement role before open hot campaign throughout walk"
"10","3","5","1983-07-15 01:30:24","5","Far training opportunity difficult candidate direction many field same even bad together professional wind"
"11","0","0","1998-06-17 08:29:52","2","Mrs look call spring establish together record system term social say about century debate officer"
"12","2","5","1995-07-23 18:32:38","1","Mrs me wear prove lead professional kind wait PM every religious beyond majority good open executive experience hotel"
"13","9","8","1999-12-23 12:48:03","3","Might catch that trip century energy safe crime social school"
"14","6","16","2015-10-31 15:36:35","4","Anything strategy hope return near sign Republican notice prevent figure kitchen seven write decision data wrong best I"
"15","2","29","1976-10-12 12:58:18","5","Cut drive out image thought nature moment despite before"
"16","2","7","2000-11-16 19:12:43","4","Crime officer police it house political energy song policy owner ahead generation shoulder day popular window key military deep according"
"17","1","11","2020-04-21 03:21:20","2","Everybody power hot scene view today father provide pass step have perform because technology important they tax machine century suddenly"
"18","1","18","1980-02-11 13:56:09","5","Focus raise away tough subject customer far recently prepare scene house central baby picture choice could own glass"
"19","6","15","1986-09-19 08:19:25","5","Scientist bring citizen kid support interest conference although seek of radio positive better"
"20","0","20","1978-04-20 15:21:02","5","Team raise operation letter employee one reflect soldier class"
"21","8","19","1982-01-25 02:57:41","1","West practice physical actually century over short certain PM child shake start"
"22","1","20","1986-06-17 15:05:52","2","Believe performance officer election information among avoid still later get effect imagine town worker"
"23","1","24","1990-11-04 12:33:56","1","Result easy mission laugh wind action economy official natural can forward notice mouth hold customer believe power especially song energy"
"24","5","5","1970-07-06 23:29:49","3","Last hit poor appear since experience perform interest particularly notice military"
"25","1","23","1983-02-07 13:39:35","3","Remain cup they enter identify participant environmental them really debate energy religious sport price job follow"
"26","6","2","2007-12-13 03:32:17","4","While buy group return line community study into job half black"
"27","2","5","1990-07-05 15:44:34","3","Administration sound teach hit lose hotel result instead push fast"
"28","8","17","1981-08-26 09:09:36","4","Newspaper question a certain behavior send laugh cup hear prove leave"
"29","6","23","1974-02-23 07:46:26","2","Billion blue right fine boy sing threat bill pattern"
"30","1","12","1984-03-14 06:40:08","3","Know close election stop cold relate number night administration but finally piece"
"31","6","23","2001-10-26 04:31:12","3","Leg organization nice happy international south open wife owner exist message list table"
"32","5","6","1996-06-13 12:37:14","5","Simple cost develop left poor head perform walk expert easy word learn military top"
"33","5","10","2020-04-21 22:33:02","1","Card man throughout society theory happy culture daughter make capital because million public network party debate into name response"
"34","3","15","1980-06-24 21:18:38","4","Far share thought soon large message exist word beat her include sit receive policy discussion machine hundred a itself eye"
"35","6","7","1992-07-21 00:06:46","2","Research wind yard street only over like hard industry trial position college also keep kid assume"
"36","6","5","1970-09-04 08:29:39","5","Person choose start market attorney between wall allow power"
"37","6","24","2014-04-16 12:59:05","3","Conference however find most city citizen to produce list run safe figure hospital one environment set attack"
"38","3","30","2020-07-12 17:56:05","5","Plant nature day then interest amount understand hard far around almost amount themselves test like ball cause"
"39","2","16","2019-06-25 22:39:21","2","Baby assume since break star various item boy response knowledge"
"40","8","12","1995-04-20 06:02:57","5","Catch head sure memory ball media along these easy role"
"41","5","15","2019-12-29 22:37:20","4","Recognize national training drug really check if since hair exist good health account central scientist realize present carry break"
"42","2","21","2016-12-24 17:52:46","2","Whole stage the common prevent spend food world believe soldier certain edge couple break"
"43","5","10","2014-02-18 23:35:42","4","Show whatever simple wrong newspaper allow forward hour whom inside establish son turn another wonder reveal"
"44","0","26","2017-03-18 22:43:25","1","Dinner write usually team remember effect unit state plant color current note order impact"
"45","4","24","1982-11-23 09:04:38","4","Air parent forget three doctor nature cup whom poor"
"46","8","19","1971-01-03 13:42:45","2","Or which white get bring society industry control thank direction quite television south security threat top his"
"47","9","8","2005-06-30 16:32:34","4","Including hot child investment yourself still say poor Democrat as usually training able treat see better child computer"
"48","5","8","2018-06-26 14:35:40","1","Rock make build painting either return heart message matter position water data evening prevent image already again new weight"
"49","0","29","2003-10-30 15:48:39","3","Quickly hope move near model new run tonight official south senior parent decision involve despite close paper pick"
"50","7","20","2010-07-02 21:30:50","1","Major western education game modern song difference and two enough spend"
"51","4","2","1990-08-01 20:25:41","3","Mean certainly value create agree likely off anything pick none none"
"52","2","15","1995-08-22 16:10:13","2","Tree amount billion beyond quality fill final oil Congress according senior if plan before talk want it"
"53","6","25","1984-11-28 14:33:31","4","Seven physical court author carry focus fact special gas class wish relate"
"54","2","10","2021-08-22 17:05:08","3","Mr painting role company produce clear various production your both"
"55","4","14","2002-12-24 17:39:23","2","Task ten country power police college newspaper little drive require time to black her become"
"56","2","27","1997-06-03 15:27:06","2","Tv character build identify throughout example office between table tonight"
"57","8","16","1998-11-16 21:00:54","3","Reflect shake phone positive idea throughout concern class right deep minute top group save than probably before"
"58","7","6","1986-02-13 06:40:37","5","Cause compare difficult discuss call share its guess different follow"
"59","8","9","1999-12-04 03:11:33","2","Produce team operation point loss mean production establish fast performance perform conference cultural nature street"
"60","1","10","2003-08-23 23:19:58","2","Lay work no none say heart information part full"
"61","8","9","2015-06-04 13:33:38","2","Wish loss cause base sure system share body fly"
"62","1","13","1984-04-11 15:40:34","4","Serve rule thus growth him power morning question happy"
"63","0","17","1992-08-06 22:33:03","4","Say notice though scene increase simple as player use through first exactly far though garden including form entire thank kitchen"
"64","5","19","1983-02-18 03:12:50","1","Yeah sense up add subject research sell idea school still up radio try condition couple year"
"65","4","20","1994-06-09 12:20:00","3","Subject clearly take product building view its contain such approach although say bed second behind vote case none"
"66","1","3","2020-12-22 00:36:16","2","Heavy by of mission parent shake now owner believe industry"
"67","2","25","1992-07-08 10:47:54","4","Under entire society foot knowledge report national senior how artist gas this"
"68","9","25","2012-03-20 06:01:35","2","Foreign loss manage each the arrive former within night want according"
"69","2","19","1992-02-04 00:25:43","2","Yourself front season suddenly really social standard even exist identify agency toward specific car stand form parent majority know"
"70","6","17","2013-08-30 09:31:08","2","Federal condition officer speech back ten mention laugh spring"
"71","6","18","1987-03-13 08:49:55","4","Car usually growth opportunity spend behavior both long toward wife pressure course soldier heavy enough"
"72","8","22","1992-12-05 20:26:27","2","Find knowledge treatment development serious seat address star role"
"73","9","26","1975-04-15 03:40:03","2","Family clear risk exactly speak water good her few eight your still ten agree weight"
"74","6","6","2006-07-08 19:18:26","1","Bad put economic attack food laugh newspaper part better college to she open answer where simply"
"75","7","17","2023-10-21 18:46:00","1","Admit any could manage probably minute offer yeah because head"
"76","9","19","1997-04-02 22:16:07","1","Pretty thus society oil activity include audience white step generation beyond nor goal rich study"
"77","6","7","2014-04-18 09:43:28","5","Start now family above ready lawyer attack simply protect something camera himself compare"
"78","1","25","1994-03-31 04:35:33","5","Tend house staff commercial herself prove picture million type"
"79","3","3","1989-12-26 00:19:21","3","Indeed message picture study customer leader contain culture along"
"80","5","4","2008-02-12 05:41:01","4","Some Congress result every war something book notice society truth class here develop seven"
"81","9","25","1982-03-25 12:11:11","5","Try poor modern democratic human difference rock music check close agreement box people point month"
"82","6","3","2017-04-02 22:09:47","3","Actually small case middle resource project establish indicate very art eat entire front"
"83","7","28","2006-04-24 04:25:37","1","Story around enter blue expect true discussion without current rate business worker professor wife get hospital"
"84","8","7","2006-09-05 16:14:58","5","Rate effect remember memory say together bit wish purpose good challenge business rule sometimes serve community tonight"
"85","3","4","1974-04-08 08:58:40","4","Local cover interview us up you social cell stage goal"
"86","6","1","1997-07-06 02:24:12","4","Five particular machine exist improve son less concern several than discuss personal interesting phone on far must all"
"87","8","0","1992-10-12 04:02:43","2","Dinner simply clear prepare wear movement certainly group member it chance our they will consider probably"
"88","1","18","1993-02-26 20:05:58","3","Fire through bill seat no type save local past two management friend pattern decade plant identify mention future"
"89","1","20","2009-07-16 13:11:54","5","Sometimes although best various exactly several effect adult run point spring room with travel responsibility cut hour"
"90","4","10","2013-11-04 01:25:18","3","Soldier against take budget agency century strong anything trial factor culture pretty drug north shake property"
"91","0","2","1995-03-02 16:04:11","1","Leave plan high civil tree action tend coach yard treat"
"92","3","6","1985-10-18 02:29:44","1","Many fine so say movie world show market understand media successful anyone candidate"
"93","2","20","1991-09-11 06:41:57","5","Among nice operation risk past law last add pattern player"
"94","3","26","1991-05-15 12:46:21","5","Particular network pull organization serious leader note understand enough production scene"
"95","4","0","1991-02-08 05:23:20","4","Environment land trouble staff follow baby job game according board whole resource strategy black cultural pull above us"
"96","1","22","1976-03-16 00:40:10","2","Program after scientist ever travel feeling two customer season owner traditional fill address teach simply wait similar blood"
"97","6","1","1996-02-15 17:01:57","3","Energy give person rate security develop consumer why letter little bar reach common appear economy whom forward"
"98","2","22","1987-12-30 10:28:39","4","Third and mean five establish per floor world give after large performance grow past"
"99","0","17","1973-10-17 16:37:38","3","Citizen girl do them answer knowledge her ten structure foot question learn economic recent let receive scene"
"100","1","7","2000-02-04 02:48:56","5","Around election modern simple ok soon four once enter discuss science"
"101","0","30","2015-12-19 19:19:09","3","Five modern there resource box during star much fine sometimes drive manage management conference energy although"
"102","5","0","1986-02-22 19:08:16","5","Ever hospital arrive third quite beyond you out thus close among move class often bad character cost home hard general nor"
"103","0","3","1991-09-09 08:31:34","5","Simple happen beat offer rate half important guess what edge change structure control career state six"
"104","9","5","2009-08-14 02:39:36","4","Personal benefit close eight energy continue industry best change talk conference language ball someone environmental production standard increase deal"
"105","9","30","2003-01-02 21:02:18","4","Probably only each ability carry kid why nothing woman subject you face ready issue that party identify"
"106","9","24","1984-11-27 10:56:01","3","Work upon article compare television fly mean last offer hope responsibility eight west leader side look give"
"107","9","25","2011-06-14 17:38:05","4","Make case debate administration expert it run travel determine"
"108","2","19","2018-11-08 17:11:12","2","Reveal player soon current by write north product well school guess them purpose"
"109","0","27","1998-12-11 19:46:04","1","How still general something face material however you drop success space water realize market walk also traditional score dark factor"
"110","4","26","1995-04-03 14:36:01","1","Clear senior film clearly decide officer sometimes art call various offer exist article of"
"111","6","25","1985-07-30 05:41:30","1","Free other modern end blue never newspaper argue game interest low fish protect"
"112","6","26","2010-04-24 23:08:59","4","Wear base worry economic shoulder gas right yes American call statement specific head friend or try"
"113","8","22","2013-12-09 09:53:11","1","Bit network deep politics I American tonight try PM debate in"
"114","6","30","2005-07-17 17:52:54","3","Full billion rise situation event under same commercial tree his current data"
"115","6","13","2013-08-09 20:47:24","1","Which big send guy thing tell young meeting material deep anything town board"
"116","0","10","1985-04-24 00:48:32","2","Foreign boy executive year drive small smile assume hot chance"
"117","3","14","1983-09-27 14:04:33","4","Always now life natural dog than design staff forward respond bill"
"118","4","28","1984-05-29 12:33:55","4","Course laugh civil degree now go energy cold right must body doctor tough radio not account land why"
"119","3","28","2007-10-28 13:45:00","4","Often agency spring interview room agent some nature against answer imagine perhaps laugh popular"
"120","1","18","1998-01-11 03:21:29","3","Event say son and give source share budget ready the theory moment better of music defense"
"121","1","27","1985-07-20 16:20:20","2","Congress television never discuss truth trial hundred anything morning surface"
"122","6","12","2009-09-03 10:07:40","4","At direction share budget its pull inside part court already yet professional choice manage of catch theory"
"123","7","9","1983-04-12 04:37:14","1","Score inside significant than discuss ask team maybe future stay rich dream memory evening small focus floor subject debate believe"
"124","3","8","1970-08-03 08:21:18","4","Wall clearly defense soldier term each mission hair tell one live quickly world police space specific"
"125","6","1","1980-04-10 16:33:47","5","Agent clear art international time sound here environment list weight opportunity trade"
"126","8","14","1988-10-16 01:58:47","3","Clearly teacher forward cause factor seem main point especially per east actually response"
"127","8","27","1991-04-30 17:14:37","1","Herself space wife present although president across human before"
"128","7","10","2015-11-18 11:04:32","3","Discussion would arrive teacher where close democratic body my behind design show support summer type focus discuss our"
"129","1","24","2015-07-02 13:41:05","3","One sort blue since long economic tough also money system involve require region sign rule feel wear official area agency"
"130","4","27","2020-05-03 02:31:12","1","Speech right example modern yes woman at kid box run would clearly increase much right phone effect"
"131","8","4","1995-12-27 16:08:02","2","Walk inside yes book step inside so section reveal structure"
"132","6","23","1983-05-23 22:58:23","3","When general everything center wind note national finish song country program prove very street know rich medical carry music"
"133","8","0","2017-02-22 03:44:56","2","Enter message reason expect capital cover feel debate family among job reality"
"134","1","18","2009-11-17 03:18:40","5","Industry themselves especially husband government choice before Democrat among hotel service everything writer mean series"
"135","0","25","2016-12-01 07:31:12","3","Six day claim contain discuss bad discussion however picture agree pass report through pretty note fear him party"
"136","1","15","1980-12-15 18:00:27","2","Hair people and big probably tax financial scientist sign attention provide itself customer daughter start quality if"
"137","0","0","2014-08-25 04:33:42","4","Lawyer teacher personal receive well condition not who future people require quality information citizen without Mrs such job single"
"138","1","16","1989-06-19 23:58:01","1","Fact level never view people present decision TV industry goal position sing loss guess either not only word"
"139","2","20","1999-08-04 00:53:56","3","Their once should real Mrs lay new everyone accept"
"140","4","5","1984-10-08 13:28:00","2","Answer treatment another institution whose before why like decide environment adult listen another affect wear just writer"
"141","3","20","2005-07-20 23:58:41","2","Probably article last forward position article probably answer argue direction tell should enough act end value new bag rise"
"142","8","8","2014-11-14 05:48:39","5","Theory per deep method federal easy continue attack expect theory meet morning book whatever building whole control any wait all"
"143","5","13","1985-11-29 23:12:46","3","Sell area almost do still born same wall wife before eight arm seven"
"144","4","5","1981-12-22 19:57:47","5","Over role score throw name have TV environment hand artist fact year gun test according majority determine away girl produce"
"145","3","28","1971-09-04 17:18:05","4","Become what may simple around ground left north while measure trial whose thus goal test finish responsibility recent own"
"146","1","1","1992-12-08 02:59:49","4","Home hear car thousand very well religious those report reason country debate son stuff consumer"
"147","1","5","2000-09-24 15:27:45","2","Skill nature another check group indeed feel should whose into"
"148","7","19","1973-04-16 23:24:58","1","Important word good business us region receive for data Republican face"
"149","7","29","2007-05-26 15:31:34","2","Them particularly admit live down daughter trip white treat cup he father evidence question fund arrive clearly bad project"
"150","7","1","2009-01-01 05:13:20","2","You provide fire hear bank main according easy around board her important sure offer trip occur accept technology"
"151","2","28","2002-08-23 09:12:57","3","Concern worker laugh action short us likely machine environmental pressure treatment law past name plan set offer present pretty language"
"152","6","22","1980-08-17 20:41:09","3","Shake wife all upon say him dog onto movement we window single there"
"153","8","26","2022-04-15 11:46:01","4","Red join TV trouble you eight describe pattern hard however sign put take space majority bit instead smile happen"
"154","5","6","2013-03-19 14:38:50","3","Public according understand happen begin actually team industry only world various picture rule poor information break"
"155","1","20","2012-04-13 10:11:31","1","Few beat civil office similar its foot tonight woman drive minute according capital"
"156","0","27","1998-03-20 18:34:48","2","Such right culture watch wrong pick structure wrong figure continue food whom fast late"
"157","9","28","1990-02-13 06:00:54","5","Decide share present spend make garden social man personal follow half plan total your story teacher exist"
"158","6","7","2016-07-31 04:33:34","1","Those position wrong get land position national huge goal according similar age option war partner"
"159","4","19","2019-12-26 17:53:45","5","Son crime Mrs design boy if near energy fund later role change open our wind painting image lot"
"160","3","26","2011-10-07 19:37:10","5","Class understand cut make drug during short stage could number for as his seven"
"161","3","19","1977-06-07 01:19:09","3","Term main feeling bag season short research despite approach beautiful late find heavy development nice most"
"162","6","20","2004-05-26 20:45:49","3","Brother without thus perform particular only his go entire change carry when check election reality population"
"163","6","15","2001-06-07 16:32:11","2","Give test black scientist me one like similar myself improve include interesting need during with team front mother possible"
"164","9","16","2016-09-09 11:54:43","2","Expert must small hair strong reveal future girl character event artist later someone management pressure feeling member civil audience drive"
"165","7","19","2009-05-11 15:37:58","5","Building military seem into dinner both in sea rest"
"166","1","26","2002-07-01 08:25:41","2","Own or white air Mrs budget standard very night federal top bill smile among simply shake social production consider"
"167","6","1","2003-09-19 14:17:14","1","Phone success Mrs add type note land lead not site first investment course lose since"
"168","2","10","2004-12-05 23:53:41","2","Clear deep scientist rather summer country toward claim civil inside"
"169","7","18","2005-09-15 07:24:14","2","Book current black wide walk be bad wall conference view"
"170","4","18","1982-05-24 10:23:26","5","Stuff north development everything candidate rule manager forget truth current camera per hour here"
"171","0","13","1992-07-19 08:05:51","5","Better answer almost deep travel baby cover office her program debate ready avoid government"
"172","0","24","1991-07-10 20:36:51","5","Summer or like crime thank mean edge among direction"
"173","4","11","2010-09-08 09:06:32","1","Water happen debate view country adult represent any despite"
"174","8","6","1979-01-24 04:58:46","1","Event current cost later despite training behavior maybe consider buy game once authority else seek town"
"175","3","7","1978-12-11 14:05:19","4","Finally site tend staff name material standard religious base service stand measure"
"176","3","19","2004-01-02 15:16:16","1","Their perhaps bill gun name ability population number campaign or capital hope happy most cup respond daughter grow"
"177","6","22","1984-01-07 20:42:32","4","Radio less must cut style agreement step test several news through way top shoulder war film Mr different admit break"
"178","4","30","1991-04-17 23:31:05","3","Fight face region go program address agent life true another beat yourself find available artist bag difference open alone style"
"179","9","0","2019-02-20 13:04:43","4","Less mother purpose part maintain study face partner draw go focus information house south environmental which painting degree federal other"
"180","4","8","1987-12-15 02:26:42","1","Affect partner seek up chance difference party spring father hospital recent back live"
"181","5","16","2000-02-11 04:26:20","4","Fear thus north do film modern write event help born baby culture power range statement step ever he war"
"182","9","10","2004-03-11 13:07:30","1","Decision my support behind describe local unit send strategy against value quickly record doctor network power"
"183","1","12","1992-12-04 18:27:45","4","Far many thing arrive my near tend he listen professor difficult player last drive economic or question exist"
"184","5","22","1990-03-28 22:04:18","1","Option lead increase discuss health stop law you well else candidate"
"185","3","8","1989-09-10 13:18:29","4","Factor down learn weight main fly conference me about determine Mrs tend health four finally tell method together purpose"
"186","4","9","2015-01-21 05:39:03","2","Phone a various week car thousand a rich open person"
"187","2","5","2004-11-04 20:26:13","2","Main also prevent other find never draw respond those group song strong child evidence local land cover deal left skill"
"188","6","29","1981-11-07 20:25:37","1","Everyone design possible left car it large rock throw anything notice season probably office another perform"
"189","0","26","2008-09-28 00:39:35","1","Edge compare stand evening whom remain suggest bill imagine former day TV situation clearly owner statement his station movement say"
"190","4","7","1981-01-06 05:39:41","3","Per break skin world eat matter shoulder improve occur shoulder then manage born carry eight think sort"
"191","5","27","2019-11-03 17:39:43","3","Develop west dog animal suddenly property name student company light data language his few dinner might leg increase"
"192","5","19","1972-02-25 16:05:57","3","Best character strong manager conference least money lose ago cost"
"193","5","7","1971-08-31 16:19:59","1","Finally small north follow few if available sister truth policy open size behind section rather check north sort"
"194","8","10","1973-10-28 00:54:25","1","Probably international fact focus arrive year event yet form small"
"195","1","23","1985-03-05 10:21:41","5","Finish now care appear trouble option enough specific support"
"196","5","27","1971-03-09 12:33:30","4","Democrat deal pattern thing stage stage choice enough very right right such quickly fall third former watch positive crime"
"197","2","13","2007-03-26 09:10:55","3","Available car more low one knowledge resource much practice talk beat support down wide leader"
"198","8","30","1979-12-07 13:01:28","1","Analysis throughout every husband certain yet politics toward people tell them whatever service"
"199","3","11","2010-02-07 22:20:26","1","Without about once whether power court child from month impact"
"200","5","5","2003-11-20 12:40:21","5","But for avoid any fear already this blue well expect law international couple word during but"
"201","8","22","1970-04-15 20:13:09","3","There reason training several research water behind lose deal foreign anything mean eight campaign former budget that"
"202","8","13","1990-01-20 08:20:31","4","Indeed fish relate window term management campaign produce decision dinner physical development Republican mean"
"203","7","23","1973-03-11 14:59:29","1","Whom occur industry data strong relationship hand coach skin almost itself impact fund can beautiful arrive usually can at body"
"204","2","16","2010-09-24 08:10:27","4","Team white figure kid course risk meeting activity do account join that thing owner where treat"
"205","5","8","2016-03-05 06:32:33","5","Cold nearly listen act almost describe employee last total type"
"206","8","6","2018-11-26 17:12:02","2","Too few know organization information industry customer score sport prepare none they team after quickly again imagine"
"207","5","6","1997-04-18 06:46:54","1","Board term too item fill hope part everything often pick admit common fish part morning structure with"
"208","5","9","2021-01-21 06:09:20","4","Himself price leader nothing I education want open player expert player need ok much election pressure ball financial"
"209","9","23","1996-01-04 23:54:17","3","Marriage model exist data send push film image seem"
"210","9","25","2019-12-14 09:28:54","3","Successful fine today around performance red what individual increase physical future why girl chair fund effort"
"211","4","7","1994-08-15 05:51:42","3","Include how participant discover whether language three something us water another"
"212","1","27","1989-09-19 01:08:45","5","Pm event wait describe four blood make figure some guy often control simple call evening suddenly option"
"213","2","11","2021-06-24 11:02:57","3","Increase they hear truth thing store forget else better single hundred let believe attorney success next close country"
"214","0","5","1971-10-12 22:23:49","4","Smile receive happy experience sense find physical state condition where often"
"215","7","20","1994-01-21 01:17:43","4","Throw provide suffer list bank let responsibility different campaign world land"
"216","8","24","2014-09-15 01:35:17","4","Many later nothing finally boy while tough reach kid three let poor understand condition"
"217","8","21","1984-02-10 19:41:17","4","Coach read church lose college half lay week charge since thank boy find ever community"
"218","7","9","2001-11-21 16:30:04","3","After plan why now father music high far large different listen draw adult against interest fear always staff better"
"219","2","3","1970-04-17 12:11:29","2","Effort gun industry official might officer lot draw pick project expert best consider economy sit example blood"
"220","1","6","2004-04-29 18:58:15","3","Read morning and owner main to color range crime our week still true ability themselves right anyone until before"
"221","6","22","2003-07-16 03:23:55","2","Tend drive region unit new TV law cut subject morning pay interview"
"222","6","14","1975-11-03 08:36:33","1","Story middle weight total baby off store firm perform partner time star political institution individual deal imagine indicate region different"
"223","9","3","2008-11-15 18:21:51","2","Money foot since training food low respond set executive off themselves author still reduce still thousand season program"
"224","0","15","2023-01-28 10:46:59","5","Join be part allow say project base capital significant seat traditional goal deal western"
"225","1","0","2004-04-06 15:57:00","2","Development wear leg citizen owner economic both magazine mean represent too design stay law call seem history nice"
"226","8","11","1986-03-27 13:21:10","2","Hand since become black reflect win while home deal important current seven require likely improve good save return father they"
"227","3","1","2018-01-09 13:21:48","2","Price trouble if example treatment together collection among professor together painting value alone could maintain position"
"228","8","26","1983-10-12 02:57:08","5","Hard usually direction campaign Congress push modern young century again always car"
"229","6","11","2001-01-19 10:47:39","3","Local sing money buy leg still fire take machine them career realize past"
"230","0","12","2007-04-04 23:36:10","2","Culture protect run a wall significant debate front free long"
"231","3","6","1996-09-14 19:35:16","3","Stay machine strong just ability dinner participant cold machine our hospital agreement artist special manager believe"
"232","4","10","2022-06-17 16:59:28","3","Seek plan one quickly mission score stay question population process"
"233","0","26","2001-04-14 22:26:42","2","Art tell idea accept not you work each scene control standard past stage reach"
"234","3","14","1987-09-07 20:25:06","3","Stand record produce cause especially like practice century go east trip election could off"
"235","9","23","1983-05-22 10:42:27","1","Physical who establish husband heavy stuff cover training product majority"
"236","0","27","1997-08-14 04:41:50","3","Tend ground them perhaps old third fight himself suddenly traditional size try nearly community"
"237","9","16","1981-04-23 08:39:05","3","Affect unit girl nor range statement religious force us development section medical effect"
"238","8","3","1988-12-20 00:59:54","1","Performance gas wind specific general must their form job fall do movie"
"239","5","19","1993-07-04 09:28:25","5","Treatment challenge vote maintain suddenly eight clear environmental near future walk child loss our hold discuss anything"
"240","9","24","2014-10-26 14:51:50","1","Term try wait side part west hold leave provide story factor camera agree direction"
